,Year,Rank,Song,Artist
0,2006,1,Bad Day,Daniel Powter
1,2006,2,Temperature,Sean Paul
2,2006,3,Promiscuous,Nelly Furtado Featuring Timbaland
3,2006,4,You're Beautiful,James Blunt
4,2006,5,Hips Don't Lie,Shakira Featuring Wyclef Jean
5,2006,6,Unwritten,Natasha Bedingfield
6,2006,7,Crazy,Gnarls Barkley
7,2006,8,Ridin',Chamillionaire Featuring Krayzie Bone
8,2006,9,SexyBack,Justin Timberlake
9,2006,10,Check On It,Beyonce Featuring Slim Thug
10,2006,11,Be Without You,Mary J. Blige
11,2006,12,Grillz,"Nelly Featuring Paul Wall, Ali & Gipp"
12,2006,13,Over My Head (Cable Car),The Fray
13,2006,14,Me & U,Cassie
14,2006,15,Buttons,The Pussycat Dolls Featuring Snoop Dogg
15,2006,16,Run It!,Chris Brown
16,2006,17,So Sick,Ne-Yo
17,2006,18,It's Goin' Down,Yung Joc
18,2006,19,SOS,Rihanna
19,2006,20,I Write Sins Not Tragedies,Panic! At The Disco
20,2006,21,Move Along,The All-American Rejects
21,2006,22,London Bridge,Fergie
22,2006,23,Dani California,Red Hot Chili Peppers
23,2006,24,Snap Yo Fingers,Lil Jon Featuring E-40 & Sean Paul Of The YoungBloodZ
24,2006,25,"Lean Wit It, Rock Wit It",Dem Franchize Boyz Featuring Lil Peanut & Charlay
25,2006,26,What Hurts The Most,Rascal Flatts
26,2006,27,How To Save A Life,The Fray
27,2006,28,Unfaithful,Rihanna
28,2006,29,Chasing Cars,Snow Patrol
29,2006,30,Lips Of An Angel,Hinder
30,2006,31,Everytime We Touch,Cascada
31,2006,32,Ain't No Other Man,Christina Aguilera
32,2006,33,"Dance, Dance",Fall Out Boy
33,2006,34,Gold Digger,Kanye West Featuring Jamie Foxx
34,2006,35,Money Maker,Ludacris Featuring Pharrell
35,2006,36,Ms. New Booty,Bubba Sparxxx Featuring Ying Yang Twins & Mr. ColliPark
36,2006,37,(When You Gonna) Give It Up To Me,Sean Paul Featuring Keyshia Cole
37,2006,38,Photograph,Nickelback
38,2006,39,Because Of You,Kelly Clarkson
39,2006,40,Stickwitu,The Pussycat Dolls
40,2006,41,I'm N Luv (Wit A Stripper),T-Pain Featuring Mike Jones
41,2006,42,My Humps,The Black Eyed Peas
42,2006,43,Where'd You Go,Fort Minor Featuring Holly Brook
43,2006,44,Yo (Excuse Me Miss),Chris Brown
44,2006,45,Walk Away,Kelly Clarkson
45,2006,46,Laffy Taffy,D4L
46,2006,47,What You Know,T.I.
47,2006,48,Dirty Little Secret,The All-American Rejects
48,2006,49,Savin' Me,Nickelback
49,2006,50,Don't Forget About Us,Mariah Carey
50,2006,51,Sexy Love,Ne-Yo
51,2006,52,U And Dat,E-40 Featuring T-Pain & Kandi Girl
52,2006,53,Far Away,Nickelback
53,2006,54,What's Left Of Me,Nick Lachey
54,2006,55,So What,Field Mob Featuring Ciara
55,2006,56,Do It To It,Cherish Featuring Sean Paul Of The YoungBloodZ
56,2006,57,Black Horse & The Cherry Tree,KT Tunstall
57,2006,58,There It Go! (The Whistle Song),Juelz Santana
58,2006,59,Shoulder Lean,Young Dro Featuring T.I.
59,2006,60,Unpredictable,Jamie Foxx Featuring Ludacris
60,2006,61,My Love,Justin Timberlake Featuring T.I.
61,2006,62,Shake That,Eminem Featuring Nate Dogg
62,2006,63,Pullin' Me Back,Chingy Featuring Tyrese
63,2006,64,Bossy,Kelis Featuring Too $hort
64,2006,65,Chain Hang Low,Jibbs
65,2006,66,Smack That,Akon Featuring Eminem
66,2006,67,One Wish,Ray J
67,2006,68,"Sugar, We're Goin' Down",Fall Out Boy
68,2006,69,Gimme That,Chris Brown Featuring Lil Wayne
69,2006,70,I Know You See It,Yung Joc Featuring Brandy 'Ms. B.' Hambrick
70,2006,71,Who Says You Can't Go Home,Bon Jovi
71,2006,72,Too Little Too Late,JoJo
72,2006,73,Touch It,Busta Rhymes
73,2006,74,Rompe,Daddy Yankee
74,2006,75,Deja Vu,Beyonce Featuring Jay Z
75,2006,76,Life Is A Highway,Rascal Flatts
76,2006,77,Call Me When You're Sober,Evanescence
77,2006,78,"Jesus, Take The Wheel",Carrie Underwood
78,2006,79,Show Stopper,Danity Kane
79,2006,80,Get Up,Ciara Featuring Chamillionaire
80,2006,81,We Be Burnin',Sean Paul
81,2006,82,Hate Me,Blue October
82,2006,83,You And Me,Lifehouse
83,2006,84,Beep,The Pussycat Dolls Featuring will.i.am
84,2006,85,I Think They Like Me,"Dem Franchize Boyz Featuring Jermaine Dupri, Da Brat & Bow Wow"
85,2006,86,Say Goodbye,Chris Brown
86,2006,87,Waiting On The World To Change,John Mayer
87,2006,88,Soul Survivor,Young Jeezy Featuring Akon
88,2006,89,Pump It,The Black Eyed Peas
89,2006,90,When I'm Gone,Eminem
90,2006,91,Hung Up,Madonna
91,2006,92,Stay Fly,Three 6 Mafia Featuring Young Buck & Eightball & MJG
92,2006,93,Love,Keyshia Cole
93,2006,94,When You're Mad,Ne-Yo
94,2006,95,Why You Wanna,T.I.
95,2006,96,Stupid Girls,P!nk
96,2006,97,Feel Good Inc,Gorillaz
97,2006,98,I'm Sprung,T-Pain
98,2006,99,Do I Make You Proud,Taylor Hicks
99,2006,100,For You I Will (Confidence),Teddy Geiger
100,2007,1,Irreplaceable,Beyonce
101,2007,2,Umbrella,Rihanna Featuring Jay-Z
102,2007,3,The Sweet Escape,Gwen Stefani Featuring Akon
103,2007,4,Big Girls Don't Cry,Fergie
104,2007,5,Buy U A Drank (Shawty Snappin'),T-Pain Featuring Yung Joc
105,2007,6,Before He Cheats,Carrie Underwood
106,2007,7,Hey There Delilah,Plain White T's
107,2007,8,I Wanna Love You,Akon Featuring Snoop Dogg
108,2007,9,Say It Right,Nelly Furtado
109,2007,10,Glamorous,Fergie Featuring Ludacris
110,2007,11,Don't Matter,Akon
111,2007,12,Girlfriend,Avril Lavigne
112,2007,13,Makes Me Wonder,Maroon 5
113,2007,14,Party Like A Rockstar,Shop Boyz
114,2007,15,Smack That,Akon Featuring Eminem
115,2007,16,This Is Why I'm Hot,Mims
116,2007,17,It's Not Over,Daughtry
117,2007,18,The Way I Are,Timbaland Featuring Keri Hilson
118,2007,19,Fergalicious,Fergie
119,2007,20,Crank That (Soulja Boy),Soulja Boy Tell'em
120,2007,21,Give It To Me,Timbaland Featuring Nelly Furtado & Justin Timberlake
121,2007,22,What Goes Around...Comes Around,Justin Timberlake
122,2007,23,Cupid's Chokehold/Breakfast In America,Gym Class Heroes Featuring Patrick Stump
123,2007,24,How To Save A Life,The Fray
124,2007,25,Home,Daughtry
125,2007,26,My Love,Justin Timberlake Featuring T.I.
126,2007,27,Stronger,Kanye West
127,2007,28,We Fly High,Jim Jones
128,2007,29,U + Ur Hand,P!nk
129,2007,30,Walk It Out,Unk
130,2007,31,Beautiful Girls,Sean Kingston
131,2007,32,"This Ain't A Scene, It's An Arms Race",Fall Out Boy
132,2007,33,Bartender,T-Pain Featuring Akon
133,2007,34,"Pop, Lock & Drop It",Huey
134,2007,35,Runaway Love,Ludacris Featuring Mary J. Blige
135,2007,36,Rockstar,Nickelback
136,2007,37,Thnks Fr Th Mmrs,Fall Out Boy
137,2007,38,What I've Done,Linkin Park
138,2007,39,Summer Love,Justin Timberlake
139,2007,40,You,Lloyd Featuring Lil Wayne
140,2007,41,Wait For You,Elliott Yamin
141,2007,42,Last Night,Diddy Featuring Keyshia Cole
142,2007,43,Make It Rain,Fat Joe Featuring Lil Wayne
143,2007,44,Make Me Better,Fabolous Featuring Ne-Yo
144,2007,45,Ice Box,Omarion
145,2007,46,Lips Of An Angel,Hinder
146,2007,47,Waiting On The World To Change,John Mayer
147,2007,48,Lost Without U,Robin Thicke
148,2007,49,I'm A Flirt,R. Kelly Or Bow Wow (Featuring T.I. & T-Pain)
149,2007,50,If Everyone Cared,Nickelback
150,2007,51,Get It Shawty,Lloyd
151,2007,52,Face Down,The Red Jumpsuit Apparatus
152,2007,53,The Way I Live,Baby Boy Da Prince Featuring Lil Boosie
153,2007,54,Shortie Like Mine,Bow Wow Featuring Chris Brown & Johnta Austin
154,2007,55,It Ends Tonight,The All-American Rejects
155,2007,56,A Bay Bay,Hurricane Chris
156,2007,57,Because Of You,Ne-Yo
157,2007,58,I Tried,Bone Thugs-N-Harmony Featuring Akon
158,2007,59,Welcome To The Black Parade,My Chemical Romance
159,2007,60,Shawty,Plies Featuring T-Pain
160,2007,61,Chasing Cars,Snow Patrol
161,2007,62,Beautiful Liar,Beyonce & Shakira
162,2007,63,SexyBack,Justin Timberlake
163,2007,64,Keep Holding On,Avril Lavigne
164,2007,65,Let It Go,Keyshia Cole Featuring Missy Elliott & Lil Kim
165,2007,66,Apologize,Timbaland Featuring OneRepublic
166,2007,67,Bubbly,Colbie Caillat
167,2007,68,Like A Boy,Ciara
168,2007,69,Who Knew,P!nk
169,2007,70,Never Again,Kelly Clarkson
170,2007,71,Promise,Ciara
171,2007,72,Bed,J. Holiday
172,2007,73,Throw Some D's,Rich Boy Featuring Polow Da Don
173,2007,74,Rehab,Amy Winehouse
174,2007,75,Big Things Poppin' (Do It),T.I.
175,2007,76,No One,Alicia Keys
176,2007,77,The Great Escape,Boys Like Girls
177,2007,78,2 Step,Unk
178,2007,79,Walk Away (Remember Me),Paula DeAnda Featuring The DEY
179,2007,80,Go Getta,Young Jeezy Featuring R. Kelly
180,2007,81,Here (In Your Arms),Hellogoodbye
181,2007,82,On The Hotline,Pretty Ricky
182,2007,83,Wind It Up,Gwen Stefani
183,2007,84,Cyclone,Baby Bash Featuring T-Pain
184,2007,85,Break It Off,Rihanna & Sean Paul
185,2007,86,First Time,Lifehouse
186,2007,87,Ayo Technology,50 Cent Featuring Justin Timberlake & Timbaland
187,2007,88,Outta My System,Bow Wow Featuring T-Pain & Johnta Austin
188,2007,89,Teardrops On My Guitar,Taylor Swift
189,2007,90,Shut Up And Drive,Rihanna
190,2007,91,Snow ((Hey Oh)),Red Hot Chili Peppers
191,2007,92,Money Maker,Ludacris Featuring Pharrell
192,2007,93,Kiss Kiss,Chris Brown Featuring T-Pain
193,2007,94,Far Away,Nickelback
194,2007,95,Rock Yo Hips,Crime Mob Featuring Lil Scrappy
195,2007,96,LoveStoned,Justin Timberlake
196,2007,97,Better Than Me,Hinder
197,2007,98,Paralyzer,Finger Eleven
198,2007,99,That's That,Snoop Dogg Featuring R. Kelly
199,2007,100,Same Girl,R. Kelly Duet With Usher
200,2008,1,Low,Flo Rida Featuring T-Pain
201,2008,2,Bleeding Love,Leona Lewis
202,2008,3,No One,Alicia Keys
203,2008,4,Lollipop,Lil Wayne Featuring Static Major
204,2008,5,Apologize,Timbaland Featuring OneRepublic
205,2008,6,No Air,Jordin Sparks Duet With Chris Brown
206,2008,7,Love Song,Sara Bareilles
207,2008,8,Love In This Club,Usher Featuring Young Jeezy
208,2008,9,With You,Chris Brown
209,2008,10,Forever,Chris Brown
210,2008,11,Sexy Can I,Ray J & Yung Berg
211,2008,12,Take A Bow,Rihanna
212,2008,13,Viva La Vida,Coldplay
213,2008,14,I Kissed A Girl,Katy Perry
214,2008,15,Whatever You Like,T.I.
215,2008,16,Disturbia,Rihanna
216,2008,17,Don't Stop The Music,Rihanna
217,2008,18,Pocketful Of Sunshine,Natasha Bedingfield
218,2008,19,Kiss Kiss,Chris Brown Featuring T-Pain
219,2008,20,Closer,Ne-Yo
220,2008,21,Bubbly,Colbie Caillat
221,2008,22,Touch My Body,Mariah Carey
222,2008,23,4 Minutes,Madonna Featuring Justin Timberlake & Timbaland
223,2008,24,So What,P!nk
224,2008,25,Paralyzer,Finger Eleven
225,2008,26,Clumsy,Fergie
226,2008,27,I'm Yours,Jason Mraz
227,2008,28,Leavin',Jesse McCartney
228,2008,29,Dangerous,Kardinal Offishall Featuring Akon
229,2008,30,Tattoo,Jordin Sparks
230,2008,31,See You Again,Miley Cyrus
231,2008,32,Shake It,Metro Station
232,2008,33,Stop And Stare,OneRepublic
233,2008,34,Take You There,Sean Kingston
234,2008,35,Paper Planes,M.I.A.
235,2008,36,Hot N Cold,Katy Perry
236,2008,37,Live Your Life,T.I. Featuring Rihanna
237,2008,38,Bust It Baby Part 2,Plies Featuring Ne-Yo
238,2008,39,American Boy,Estelle Featuring Kanye West
239,2008,40,Got Money,Lil Wayne Featuring T-Pain
240,2008,41,Our Song,Taylor Swift
241,2008,42,Damaged,Danity Kane
242,2008,43,A Milli,Lil Wayne
243,2008,44,Sorry,Buckcherry
244,2008,45,Independent,Webbie Featuring Lil' Phat & Lil' Boosie
245,2008,46,Can't Believe It,T-Pain Featuring Lil Wayne
246,2008,47,Like You'll Never See Me Again,Alicia Keys
247,2008,48,Teardrops On My Guitar,Taylor Swift
248,2008,49,When I Grow Up,The Pussycat Dolls
249,2008,50,Sensual Seduction,Snoop Dogg
250,2008,51,What You Got,Colby O'Donis Featuring Akon
251,2008,52,It's Not My Time,3 Doors Down
252,2008,53,Better In Time,Leona Lewis
253,2008,54,Crank That (Soulja Boy),Soulja Boy Tell'em
254,2008,55,Shadow Of The Day,Linkin Park
255,2008,56,Sweetest Girl (Dollar Bill),"Wyclef Jean Featuring Akon, Lil Wayne & Niia"
256,2008,57,Miss Independent,Ne-Yo
257,2008,58,Fall For You,Secondhand Serenade
258,2008,59,In The Ayer,Flo Rida Featuring will.i.am
259,2008,60,Say,John Mayer
260,2008,61,One Step At A Time,Jordin Sparks
261,2008,62,Hate That I Love You,Rihanna Featuring Ne-Yo
262,2008,63,Superstar,Lupe Fiasco Featuring Matthew Santos
263,2008,64,Suffocate,J. Holiday
264,2008,65,Let It Rock,Kevin Rudolf Featuring Lil Wayne
265,2008,66,Get Like Me,David Banner Featuring Chris Brown
266,2008,67,Realize,Colbie Caillat
267,2008,68,Put On,Young Jeezy Featuring Kanye West
268,2008,69,The Time Of My Life,David Cook
269,2008,70,Lolli Lolli (Pop That Body),"Three 6 Mafia Featuring Project Pat, Young D & Superpower"
270,2008,71,Cyclone,Baby Bash Featuring T-Pain
271,2008,72,Love Like This,Natasha Bedingfield Featuring Sean Kingston
272,2008,73,Burnin' Up,Jonas Brothers
273,2008,74,Love Lockdown,Kanye West
274,2008,75,I Luv Your Girl,The-Dream
275,2008,76,Crush,David Archuleta
276,2008,77,Hypnotized,Plies Featuring Akon
277,2008,78,Big Girls Don't Cry,Fergie
278,2008,79,Good Life,Kanye West Featuring T-Pain
279,2008,80,Womanizer,Britney Spears
280,2008,81,Love Story,Taylor Swift
281,2008,82,Just Fine,Mary J. Blige
282,2008,83,Piece Of Me,Britney Spears
283,2008,84,The Boss,Rick Ross Featuring T-Pain
284,2008,85,All Summer Long,Kid Rock
285,2008,86,Can't Help But Wait,Trey Songz
286,2008,87,In Love With A Girl,Gavin DeGraw
287,2008,88,My Life,The Game Featuring Lil Wayne
288,2008,89,I Remember,Keyshia Cole
289,2008,90,Flashing Lights,Kanye West Featuring Dwele
290,2008,91,Mrs. Officer,Lil Wayne Featuring Bobby Valentino & Kidd Kidd
291,2008,92,7 Things,Miley Cyrus
292,2008,93,You're Gonna Miss This,Trace Adkins
293,2008,94,Love Remains The Same,Gavin Rossdale
294,2008,95,Feels Like Tonight,Daughtry
295,2008,96,The Way I Are,Timbaland Featuring Keri Hilson
296,2008,97,Addicted,Saving Abel
297,2008,98,Into The Night,Santana Featuring Chad Kroeger
298,2008,99,Heaven Sent,Keyshia Cole
299,2008,100,She Got It,2 Pistols Featuring T-Pain & Tay Dizm
300,2009,1,Boom Boom Pow,The Black Eyed Peas
301,2009,2,Poker Face,Lady Gaga
302,2009,3,Just Dance,Lady Gaga Featuring Colby O'Donis
303,2009,4,I Gotta Feeling,The Black Eyed Peas
304,2009,5,Love Story,Taylor Swift
305,2009,6,Right Round,Flo Rida
306,2009,7,I'm Yours,Jason Mraz
307,2009,8,Single Ladies (Put A Ring On It),Beyonce
308,2009,9,Heartless,Kanye West
309,2009,10,Gives You Hell,The All-American Rejects
310,2009,11,You Belong With Me,Taylor Swift
311,2009,12,Dead And Gone,T.I. Featuring Justin Timberlake
312,2009,13,You Found Me,The Fray
313,2009,14,Use Somebody,Kings Of Leon
314,2009,15,Knock You Down,Keri Hilson Featuring Kanye West & Ne-Yo
315,2009,16,Blame It,Jamie Foxx Featuring T-Pain
316,2009,17,I Know You Want Me (Calle Ocho),Pitbull
317,2009,18,Live Your Life,T.I. Featuring Rihanna
318,2009,19,Kiss Me Thru The Phone,Soulja Boy Tell 'em Featuring Sammie
319,2009,20,Down,Jay Sean Featuring Lil Wayne
320,2009,21,The Climb,Miley Cyrus
321,2009,22,Best I Ever Had,Drake
322,2009,23,My Life Would Suck Without You,Kelly Clarkson
323,2009,24,Halo,Beyonce
324,2009,25,Hot N Cold,Katy Perry
325,2009,26,Second Chance,Shinedown
326,2009,27,Circus,Britney Spears
327,2009,28,Day 'N' Nite,Kid Cudi
328,2009,29,Party In The U.S.A.,Miley Cyrus
329,2009,30,Don't Trust Me,3OH!3
330,2009,31,Run This Town,"Jay-Z, Rihanna & Kanye West"
331,2009,32,Let It Rock,Kevin Rudolf Featuring Lil Wayne
332,2009,33,Fire Burning,Sean Kingston
333,2009,34,Whatcha Say,Jason Derulo
334,2009,35,LoveGame,Lady Gaga
335,2009,36,Waking Up In Vegas,Katy Perry
336,2009,37,Birthday Sex,Jeremih
337,2009,38,Sober,P!nk
338,2009,39,Womanizer,Britney Spears
339,2009,40,Whatever You Like,T.I.
340,2009,41,Obsessed,Mariah Carey
341,2009,42,Mad,Ne-Yo
342,2009,43,Good Girls Go Bad,Cobra Starship Featuring Leighton Meester
343,2009,44,Love Lockdown,Kanye West
344,2009,45,So What,P!nk
345,2009,46,Hotel Room Service,Pitbull
346,2009,47,Crack A Bottle,"Eminem, Dr. Dre & 50 Cent"
347,2009,48,If I Were A Boy,Beyonce
348,2009,49,Turnin Me On,Keri Hilson Featuring Lil Wayne
349,2009,50,I Hate This Part,The Pussycat Dolls
350,2009,51,Gotta Be Somebody,Nickelback
351,2009,52,Please Don't Leave Me,P!nk
352,2009,53,Paparazzi,Lady Gaga
353,2009,54,Beautiful,Akon Featuring Colby O'Donis & Kardinal Offishall
354,2009,55,Viva La Vida,Coldplay
355,2009,56,Right Now (Na Na Na),Akon
356,2009,57,Battlefield,Jordin Sparks
357,2009,58,Sugar,Flo Rida Featuring Wynter
358,2009,59,Miss Independent,Ne-Yo
359,2009,60,Fireflies,Owl City
360,2009,61,New Divide,Linkin Park
361,2009,62,Empire State Of Mind,Jay-Z + Alicia Keys
362,2009,63,No Surprise,Daughtry
363,2009,64,She Wolf,Shakira
364,2009,65,Break Up,Mario Featuring Gucci Mane & Sean Garrett
365,2009,66,Sweet Dreams,Beyonce
366,2009,67,Every Girl,Young Money
367,2009,68,Fallin' For You,Colbie Caillat
368,2009,69,Untouched,The Veronicas
369,2009,70,If Today Was Your Last Day,Nickelback
370,2009,71,Throw It In The Bag,Fabolous Featuring The-Dream
371,2009,72,Love Drunk,Boys Like Girls
372,2009,73,I Love College,Asher Roth
373,2009,74,If U Seek Amy,Britney Spears
374,2009,75,Big Green Tractor,Jason Aldean
375,2009,76,White Horse,Taylor Swift
376,2009,77,Disturbia,Rihanna
377,2009,78,21 Guns,Green Day
378,2009,79,Turn My Swag On,Soulja Boy Tell'em
379,2009,80,Rockin' That Thang,The-Dream
380,2009,81,Chicken Fried,Zac Brown Band
381,2009,82,Diva,Beyonce
382,2009,83,Replay,Iyaz
383,2009,84,Then,Brad Paisley
384,2009,85,Her Diamonds,Rob Thomas
385,2009,86,How Do You Sleep?,Jesse McCartney Featuring Ludacris
386,2009,87,3,Britney Spears
387,2009,88,Forever,"Drake Featuring Kanye West, Lil Wayne & Eminem"
388,2009,89,One Time,Justin Bieber
389,2009,90,I Run To You,Lady Antebellum
390,2009,91,I Do Not Hook Up,Kelly Clarkson
391,2009,92,Green Light,John Legend Featuring Andre 3000
392,2009,93,People Are Crazy,Billy Currington
393,2009,94,Whatever It Is,Zac Brown Band
394,2009,95,Already Gone,Kelly Clarkson
395,2009,96,Goodbye,Kristinia DeBarge
396,2009,97,Say Hey (I Love You),Michael Franti & Spearhead Featuring Cherine Anderson
397,2009,98,Pop Champagne,Jim Jones & Ron Browz Featuring Juelz Santana
398,2009,99,Pretty Wings,Maxwell
399,2009,100,Never Say Never,The Fray
400,2010,1,TiK ToK,Ke$ha
401,2010,2,Need You Now,Lady Antebellum
402,2010,3,"Hey, Soul Sister",Train
403,2010,4,California Gurls,Katy Perry Featuring Snoop Dogg
404,2010,5,OMG,Usher Featuring will.i.am
405,2010,6,Airplanes,B.o.B Featuring Hayley Williams
406,2010,7,Love The Way You Lie,Eminem Featuring Rihanna
407,2010,8,Bad Romance,Lady Gaga
408,2010,9,Dynamite,Taio Cruz
409,2010,10,Break Your Heart,Taio Cruz Featuring Ludacris
410,2010,11,Nothin' On You,B.o.B Featuring Bruno Mars
411,2010,12,I Like It,Enrique Iglesias Featuring Pitbull
412,2010,13,BedRock,Young Money Featuring Lloyd
413,2010,14,In My Head,Jason Derulo
414,2010,15,Rude Boy,Rihanna
415,2010,16,Telephone,Lady Gaga Featuring Beyonce
416,2010,17,Teenage Dream,Katy Perry
417,2010,18,Just The Way You Are,Bruno Mars
418,2010,19,Cooler Than Me,Mike Posner
419,2010,20,Imma Be,The Black Eyed Peas
420,2010,21,Empire State Of Mind,Jay-Z + Alicia Keys
421,2010,22,DJ Got Us Fallin' In Love,Usher Featuring Pitbull
422,2010,23,Billionaire,Travie McCoy Featuring Bruno Mars
423,2010,24,Not Afraid,Eminem
424,2010,25,Replay,Iyaz
425,2010,26,Sexy Chick,David Guetta Featuring Akon
426,2010,27,Breakeven,The Script
427,2010,28,Your Love Is My Drug,Ke$ha
428,2010,29,I Gotta Feeling,The Black Eyed Peas
429,2010,30,Fireflies,Owl City
430,2010,31,Say Aah,Trey Songz Featuring Fabolous
431,2010,32,Find Your Love,Drake
432,2010,33,Alejandro,Lady Gaga
433,2010,34,Ridin' Solo,Jason Derulo
434,2010,35,Just A Dream,Nelly
435,2010,36,How Low,Ludacris
436,2010,37,Like A G6,Far*East Movement Featuring Cataracs & Dev
437,2010,38,Carry Out,Timbaland Featuring Justin Timberlake
438,2010,39,Haven't Met You Yet,Michael Buble
439,2010,40,Club Can't Handle Me,Flo Rida Featuring David Guetta
440,2010,41,Down,Jay Sean Featuring Lil Wayne
441,2010,42,Bulletproof,La Roux
442,2010,43,Whatcha Say,Jason Derulo
443,2010,44,Baby,Justin Bieber Featuring Ludacris
444,2010,45,Whataya Want From Me,Adam Lambert
445,2010,46,Mine,Taylor Swift
446,2010,47,Only Girl (In The World),Rihanna
447,2010,48,Live Like We're Dying,Kris Allen
448,2010,49,Hard,Rihanna Featuring Jeezy
449,2010,50,Young Forever,Jay-Z + Mr. Hudson
450,2010,51,Blah Blah Blah,Ke$ha Featuring 3OH!3
451,2010,52,Bottoms Up,Trey Songz Featuring Nicki Minaj
452,2010,53,Do You Remember,Jay Sean Featuring Sean Paul & Lil Jon
453,2010,54,All The Right Moves,OneRepublic
454,2010,55,According To You,Orianthi
455,2010,56,My Chick Bad,Ludacris Featuring Nicki Minaj
456,2010,57,You Belong With Me,Taylor Swift
457,2010,58,Meet Me Halfway,The Black Eyed Peas
458,2010,59,Take It Off,Ke$ha
459,2010,60,Over,Drake
460,2010,61,Animal,Neon Trees
461,2010,62,Misery,Maroon 5
462,2010,63,Magic,B.o.B Featuring Rivers Cuomo
463,2010,64,Paparazzi,Lady Gaga
464,2010,65,Tie Me Down,New Boyz Featuring Ray J
465,2010,66,Your Love,Nicki Minaj
466,2010,67,Party In The U.S.A.,Miley Cyrus
467,2010,68,Deuces,Chris Brown Featuring Tyga & Kevin McCall
468,2010,69,3,Britney Spears
469,2010,70,Impossible,Shontelle
470,2010,71,Forever,"Drake Featuring Kanye West, Lil Wayne & Eminem"
471,2010,72,Two Is Better Than One,Boys Like Girls Featuring Taylor Swift
472,2010,73,My First Kiss,3OH!3 Featuring Ke$ha
473,2010,74,Already Gone,Kelly Clarkson
474,2010,75,Rock That Body,The Black Eyed Peas
475,2010,76,Secrets,OneRepublic
476,2010,77,Naturally,Selena Gomez & The Scene
477,2010,78,Un-Thinkable (I'm Ready),Alicia Keys
478,2010,79,All I Do Is Win,"DJ Khaled Featuring T-Pain, Ludacris, Snoop Dogg & Rick Ross"
479,2010,80,I Made It (Cash Money Heroes),"Kevin Rudolf Featuring Birdman, Jay Sean, & Lil Wayne"
480,2010,81,Stuck Like Glue,Sugarland
481,2010,82,Hey Daddy (Daddy's Home),Usher Featuring Plies
482,2010,83,There Goes My Baby,Usher
483,2010,84,Today Was A Fairytale,Taylor Swift
484,2010,85,Say Something,Timbaland Featuring Drake
485,2010,86,Sweet Dreams,Beyonce
486,2010,87,Use Somebody,Kings Of Leon
487,2010,88,Undo It,Carrie Underwood
488,2010,89,Eenie Meenie,Sean Kingston & Justin Bieber
489,2010,90,Right Above It,Lil Wayne Featuring Drake
490,2010,91,The House That Built Me,Miranda Lambert
491,2010,92,If I Die Young,The Band Perry
492,2010,93,The Only Exception,Paramore
493,2010,94,American Honey,Lady Antebellum
494,2010,95,King Of Anything,Sara Bareilles
495,2010,96,Life After You,Daughtry
496,2010,97,Smile,Uncle Kracker
497,2010,98,Teach Me How To Dougie,Cali Swag District
498,2010,99,Try Sleeping With A Broken Heart,Alicia Keys
499,2010,100,"Lover, Lover",Jerrod Niemann
500,2011,1,Rolling In The Deep,Adele
501,2011,2,Party Rock Anthem,LMFAO Featuring Lauren Bennett & GoonRock
502,2011,3,Firework,Katy Perry
503,2011,4,E.T.,Katy Perry Featuring Kanye West
504,2011,5,Give Me Everything,"Pitbull Featuring Ne-Yo, Afrojack & Nayer"
505,2011,6,Grenade,Bruno Mars
506,2011,7,F**k You (Forget You),CeeLo Green
507,2011,8,Super Bass,Nicki Minaj
508,2011,9,Moves Like Jagger,Maroon 5 Featuring Christina Aguilera
509,2011,10,Just Can't Get Enough,The Black Eyed Peas
510,2011,11,On The Floor,Jennifer Lopez Featuring Pitbull
511,2011,12,S&M,Rihanna
512,2011,13,Pumped Up Kicks,Foster The People
513,2011,14,Last Friday Night (T.G.I.F.),Katy Perry
514,2011,15,Just The Way You Are,Bruno Mars
515,2011,16,Tonight (I'm Lovin' You),Enrique Iglesias Featuring Ludacris & DJ Frank E
516,2011,17,Raise Your Glass,P!nk
517,2011,18,Born This Way,Lady Gaga
518,2011,19,F**kin' Perfect,P!nk
519,2011,20,What's My Name?,Rihanna Featuring Drake
520,2011,21,Look At Me Now,Chris Brown Featuring Lil Wayne & Busta Rhymes
521,2011,22,Down On Me,Jeremih Featuring 50 Cent
522,2011,23,How To Love,Lil Wayne
523,2011,24,Someone Like You,Adele
524,2011,25,Good Life,OneRepublic
525,2011,26,The Lazy Song,Bruno Mars
526,2011,27,Till The World Ends,Britney Spears
527,2011,28,The Show Goes On,Lupe Fiasco
528,2011,29,The Edge Of Glory,Lady Gaga
529,2011,30,We R Who We R,Ke$ha
530,2011,31,Black And Yellow,Wiz Khalifa
531,2011,32,Tonight Tonight,Hot Chelle Rae
532,2011,33,Blow,Ke$ha
533,2011,34,Lighters,Bad Meets Evil Featuring Bruno Mars
534,2011,35,If I Die Young,The Band Perry
535,2011,36,Stereo Hearts,Gym Class Heroes Featuring Adam Levine
536,2011,37,The Time (Dirty Bit),The Black Eyed Peas
537,2011,38,Coming Home,Diddy - Dirty Money Featuring Skylar Grey
538,2011,39,Hey Baby (Drop It To The Floor),Pitbull Featuring T-Pain
539,2011,40,Only Girl (In The World),Rihanna
540,2011,41,6 Foot 7 Foot,Lil Wayne Featuring Cory Gunz
541,2011,42,Just A Kiss,Lady Antebellum
542,2011,43,Dirt Road Anthem,Jason Aldean
543,2011,44,Dynamite,Taio Cruz
544,2011,45,No Hands,Waka Flocka Flame Featuring Roscoe Dash & Wale
545,2011,46,I Wanna Go,Britney Spears
546,2011,47,I'm On One,"DJ Khaled Featuring Drake, Rick Ross & Lil Wayne"
547,2011,48,You Make Me Feel...,Cobra Starship Featuring Sabi
548,2011,49,Yeah 3X,Chris Brown
549,2011,50,Moment 4 Life,Nicki Minaj Featuring Drake
550,2011,51,I Need A Doctor,Dr. Dre Featuring Eminem & Skylar Grey
551,2011,52,Just A Dream,Nelly
552,2011,53,Motivation,Kelly Rowland Featuring Lil Wayne
553,2011,54,Stereo Love,Edward Maya & Vika Jigulina
554,2011,55,Jar Of Hearts,Christina Perri
555,2011,56,Roll Up,Wiz Khalifa
556,2011,57,Sexy And I Know It,LMFAO
557,2011,58,Rocketeer,Far*East Movement Featuring Ryan Tedder
558,2011,59,All Of The Lights,Kanye West
559,2011,60,Hold It Against Me,Britney Spears
560,2011,61,More,Usher
561,2011,62,What The Hell,Avril Lavigne
562,2011,63,Written In The Stars,Tinie Tempah Featuring Eric Turner
563,2011,64,Bottoms Up,Trey Songz Featuring Nicki Minaj
564,2011,65,DJ Got Us Fallin' In Love,Usher Featuring Pitbull
565,2011,66,For The First Time,The Script
566,2011,67,Honey Bee,Blake Shelton
567,2011,68,Don't You Wanna Stay,Jason Aldean With Kelly Clarkson
568,2011,69,We Found Love,Rihanna Featuring Calvin Harris
569,2011,70,Pretty Girl Rock,Keri Hilson
570,2011,71,You And I,Lady Gaga
571,2011,72,Like A G6,Far*East Movement Featuring Cataracs & Dev
572,2011,73,Without You,David Guetta Featuring Usher
573,2011,74,Back To December,Taylor Swift
574,2011,75,Teenage Dream,Katy Perry
575,2011,76,Crazy Girl,Eli Young Band
576,2011,77,Cheers (Drink To That),Rihanna
577,2011,78,Who Says,Selena Gomez & The Scene
578,2011,79,Barefoot Blue Jean Night,Jake Owen
579,2011,80,Knee Deep,Zac Brown Band Featuring Jimmy Buffett
580,2011,81,Country Girl (Shake It For Me),Luke Bryan
581,2011,82,Remind Me,Brad Paisley Duet With Carrie Underwood
582,2011,83,In The Dark,Dev
583,2011,84,Backseat,New Boyz Featuring The Cataracs & Dev
584,2011,85,Headlines,Drake
585,2011,86,Best Thing I Never Had,Beyonce
586,2011,87,Don't Wanna Go Home,Jason Derulo
587,2011,88,Where Them Girls At,David Guetta Featuring Flo Rida & Nicki Minaj
588,2011,89,She Ain't You,Chris Brown
589,2011,90,Take A Back Road,Rodney Atkins
590,2011,91,Please Don't Go,Mike Posner
591,2011,92,Sure Thing,Miguel
592,2011,93,Price Tag,Jessie J Featuring B.o.B
593,2011,94,God Gave Me You,Blake Shelton
594,2011,95,She Will,Lil Wayne Featuring Drake
595,2011,96,Are You Gonna Kiss Me Or Not,Thompson Square
596,2011,97,Animal,Neon Trees
597,2011,98,You And Tequila,Kenny Chesney Featuring Grace Potter
598,2011,99,Colder Weather,Zac Brown Band
599,2011,100,My Last,Big Sean Featuring Chris Brown
600,2012,1,Somebody That I Used To Know,Gotye Featuring Kimbra
601,2012,2,Call Me Maybe,Carly Rae Jepsen
602,2012,3,We Are Young,fun. Featuring Janelle Monae
603,2012,4,Payphone,Maroon 5 Featuring Wiz Khalifa
604,2012,5,Lights,Ellie Goulding
605,2012,6,Glad You Came,The Wanted
606,2012,7,Stronger (What Doesn't Kill You),Kelly Clarkson
607,2012,8,We Found Love,Rihanna Featuring Calvin Harris
608,2012,9,Starships,Nicki Minaj
609,2012,10,What Makes You Beautiful,One Direction
610,2012,11,Wild Ones,Flo Rida Featuring Sia
611,2012,12,Set Fire To The Rain,Adele
612,2012,13,Sexy And I Know It,LMFAO
613,2012,14,Some Nights,fun.
614,2012,15,Wide Awake,Katy Perry
615,2012,16,Good Feeling,Flo Rida
616,2012,17,Whistle,Flo Rida
617,2012,18,One More Night,Maroon 5
618,2012,19,Drive By,Train
619,2012,20,The Motto,Drake Featuring Lil Wayne
620,2012,21,Where Have You Been,Rihanna
621,2012,22,Everybody Talks,Neon Trees
622,2012,23,Take Care,Drake Featuring Rihanna
623,2012,24,Titanium,David Guetta Featuring Sia
624,2012,25,I Won't Give Up,Jason Mraz
625,2012,26,It Will Rain,Bruno Mars
626,2012,27,Mercy,"Kanye West, Big Sean, Pusha T, 2 Chainz"
627,2012,28,Boyfriend,Justin Bieber
628,2012,29,Party Rock Anthem,LMFAO Featuring Lauren Bennett & GoonRock
629,2012,30,Too Close,Alex Clare
630,2012,31,Part Of Me,Katy Perry
631,2012,32,"Young, Wild & Free",Snoop Dogg & Wiz Khalifa Featuring Bruno Mars
632,2012,33,We Are Never Ever Getting Back Together,Taylor Swift
633,2012,34,As Long As You Love Me,Justin Bieber Featuring Big Sean
634,2012,35,Turn Me On,David Guetta Featuring Nicki Minaj
635,2012,36,Moves Like Jagger,Maroon 5 Featuring Christina Aguilera
636,2012,37,Blow Me (One Last Kiss),P!nk
637,2012,38,Good Time,Owl City & Carly Rae Jepsen
638,2012,39,Give Your Heart A Break,Demi Lovato
639,2012,40,Ni**as in Paris,Jay Z Kanye West
640,2012,41,The One That Got Away,Katy Perry
641,2012,42,Feel So Close,Calvin Harris
642,2012,43,Someone Like You,Adele
643,2012,44,Scream,Usher
644,2012,45,Rack City,Tyga
645,2012,46,Domino,Jessie J
646,2012,47,Gangnam Style,PSY
647,2012,48,International Love,Pitbull Featuring Chris Brown
648,2012,49,Home,Phillip Phillips
649,2012,50,Without You,David Guetta Featuring Usher
650,2012,51,Ass Back Home,Gym Class Heroes Featuring Neon Hitch
651,2012,52,Wanted,Hunter Hayes
652,2012,53,Drunk On You,Luke Bryan
653,2012,54,No Lie,2 Chainz Featuring Drake
654,2012,55,Want U Back,Cher Lloyd
655,2012,56,Don't Wake Me Up,Chris Brown
656,2012,57,Dance (A$$),Big Sean Featuring Nicki Minaj
657,2012,58,Springsteen,Eric Church
658,2012,59,Brokenhearted,Karmin
659,2012,60,Not Over You,Gavin DeGraw
660,2012,61,Stereo Hearts,Gym Class Heroes Featuring Adam Levine
661,2012,62,Back In Time,Pitbull
662,2012,63,Work Out,J. Cole
663,2012,64,Rumour Has It,Adele
664,2012,65,Let's Go,Calvin Harris Featuring Ne-Yo
665,2012,66,Good Girl,Carrie Underwood
666,2012,67,Pontoon,Little Big Town
667,2012,68,Ho Hey,The Lumineers
668,2012,69,Paradise,Coldplay
669,2012,70,Blown Away,Carrie Underwood
670,2012,71,Rolling In The Deep,Adele
671,2012,72,Climax,Usher
672,2012,73,"Work Hard, Play Hard",Wiz Khalifa
673,2012,74,Let Me Love You (Until You Learn To Love Yourself),Ne-Yo
674,2012,75,Pound The Alarm,Nicki Minaj
675,2012,76,Come Over,Kenny Chesney
676,2012,77,Heart Attack,Trey Songz
677,2012,78,Drank In My Cup,Kirko Bangz
678,2012,79,Birthday Cake,Rihanna Featuring Chris Brown
679,2012,80,So Good,B.o.B
680,2012,81,50 Ways To Say Goodbye,Train
681,2012,82,Red Solo Cup,Toby Keith
682,2012,83,Love You Like A Love Song,Selena Gomez & The Scene
683,2012,84,Turn Up The Music,Chris Brown
684,2012,85,Die Young,Ke$ha
685,2012,86,5 O'Clock,T-Pain Featuring Wiz Khalifa & Lily Allen
686,2012,87,A Thousand Years,Christina Perri
687,2012,88,Take A Little Ride,Jason Aldean
688,2012,89,You Da One,Rihanna
689,2012,90,We Run The Night,Havana Brown Featuring Pitbull
690,2012,91,It's Time,Imagine Dragons
691,2012,92,Cashin' Out,Ca$h Out
692,2012,93,I Don't Want This Night To End,Luke Bryan
693,2012,94,Diamonds,Rihanna
694,2012,95,Hard To Love,Lee Brice
695,2012,96,Somethin' 'Bout A Truck,Kip Moore
696,2012,97,Adorn,Miguel
697,2012,98,Fly Over States,Jason Aldean
698,2012,99,Even If It Breaks Your Heart,Eli Young Band
699,2012,100,Burn It Down,Linkin Park
700,2013,1,Thrift Shop,Macklemore & Ryan Lewis Featuring Wanz
701,2013,2,Blurred Lines,Robin Thicke Featuring T.I. + Pharrell
702,2013,3,Radioactive,Imagine Dragons
703,2013,4,Harlem Shake,Baauer
704,2013,5,Can't Hold Us,Macklemore & Ryan Lewis Featuring Ray Dalton
705,2013,6,Mirrors,Justin Timberlake
706,2013,7,Just Give Me A Reason,P!nk Featuring Nate Ruess
707,2013,8,When I Was Your Man,Bruno Mars
708,2013,9,Cruise,Florida Georgia Line Featuring Nelly
709,2013,10,Roar,Katy Perry
710,2013,11,Locked Out Of Heaven,Bruno Mars
711,2013,12,Ho Hey,The Lumineers
712,2013,13,Stay,Rihanna Featuring Mikky Ekko
713,2013,14,Get Lucky,Daft Punk Featuring Pharrell Williams
714,2013,15,Royals,Lorde
715,2013,16,I Knew You Were Trouble.,Taylor Swift
716,2013,17,We Can't Stop,Miley Cyrus
717,2013,18,Wrecking Ball,Miley Cyrus
718,2013,19,Wake Me Up!,Avicii
719,2013,20,Suit & Tie,Justin Timberlake Featuring JAY Z
720,2013,21,Cups (Pitch Perfect's When I'm Gone),Anna Kendrick
721,2013,22,Holy Grail,Jay Z Featuring Justin Timberlake
722,2013,23,Scream & Shout,will.i.am & Britney Spears
723,2013,24,Clarity,Zedd Featuring Foxes
724,2013,25,Sail,AWOLNATION
725,2013,26,Don't You Worry Child,Swedish House Mafia Featuring John Martin
726,2013,27,Diamonds,Rihanna
727,2013,28,I Love It,Icona Pop Featuring Charli XCX
728,2013,29,Safe And Sound,Capital Cities
729,2013,30,Treasure,Bruno Mars
730,2013,31,The Way,Ariana Grande Featuring Mac Miller
731,2013,32,Started From The Bottom,Drake
732,2013,33,Come & Get It,Selena Gomez
733,2013,34,"Hold On, We're Going Home",Drake Featuring Majid Jordan
734,2013,35,Daylight,Maroon 5
735,2013,36,Feel This Moment,Pitbull Featuring Christina Aguilera
736,2013,37,Applause,Lady Gaga
737,2013,38,One More Night,Maroon 5
738,2013,39,Love Me,Lil Wayne Featuring Drake & Future
739,2013,40,My Songs Know What You Did In The Dark (Light Em Up),Fall Out Boy
740,2013,41,F**kin Problems,"A$AP Rocky Featuring Drake, 2 Chainz & Kendrick Lamar"
741,2013,42,Beauty And A Beat,Justin Bieber Featuring Nicki Minaj
742,2013,43,Same Love,Macklemore & Ryan Lewis Featuring Mary Lambert
743,2013,44,Sweet Nothing,Calvin Harris Featuring Florence Welch
744,2013,45,Summertime Sadness,Lana Del Rey & Cedric Gervais
745,2013,46,Home,Phillip Phillips
746,2013,47,It's Time,Imagine Dragons
747,2013,48,Power Trip,J. Cole Featuring Miguel
748,2013,49,Girl On Fire,Alicia Keys Featuring Nicki Minaj
749,2013,50,Heart Attack,Demi Lovato
750,2013,51,Love Somebody,Maroon 5
751,2013,52,I Will Wait,Mumford & Sons
752,2013,53,Try,P!nk
753,2013,54,Wagon Wheel,Darius Rucker
754,2013,55,Gangnam Style,PSY
755,2013,56,I Need Your Love,Calvin Harris Featuring Ellie Goulding
756,2013,57,Die Young,Ke$ha
757,2013,58,Some Nights,fun.
758,2013,59,Bad,Wale Featuring Tiara Thomas Or Rihanna
759,2013,60,Boys 'round Here,Blake Shelton Featuring Pistol Annies & Friends
760,2013,61,"Gone, Gone, Gone",Phillip Phillips
761,2013,62,Demons,Imagine Dragons
762,2013,63,Counting Stars,OneRepublic
763,2013,64,I Cry,Flo Rida
764,2013,65,Little Talks,Of Monsters And Men
765,2013,66,The Other Side,Jason Derulo
766,2013,67,Berzerk,Eminem
767,2013,68,Catch My Breath,Kelly Clarkson
768,2013,69,Crash My Party,Luke Bryan
769,2013,70,Pour It Up,Rihanna
770,2013,71,22,Taylor Swift
771,2013,72,I Want Crazy,Hunter Hayes
772,2013,73,The Fox,Ylvis
773,2013,74,Best Song Ever,One Direction
774,2013,75,The A Team,Ed Sheeran
775,2013,76,Carry On,fun.
776,2013,77,Highway Don't Care,Tim McGraw With Taylor Swift
777,2013,78,That's My Kind Of Night,Luke Bryan
778,2013,79,Swimming Pools (Drank),Kendrick Lamar
779,2013,80,Sure Be Cool If You Did,Blake Shelton
780,2013,81,#Beautiful,Mariah Carey Featuring Miguel
781,2013,82,Troublemaker,Olly Murs Featuring Flo Rida
782,2013,83,Body Party,Ciara
783,2013,84,Adorn,Miguel
784,2013,85,Hall Of Fame,The Script Featuring will.i.am
785,2013,86,Let Me Love You (Until You Learn To Love Yourself),Ne-Yo
786,2013,87,U.O.E.N.O.,Rocko Featuring Future & Rick Ross
787,2013,88,Next To Me,Emeli Sande
788,2013,89,Mama's Broken Heart,Miranda Lambert
789,2013,90,It Goes Like This,Thomas Rhett
790,2013,91,Bugatti,Ace Hood Featuring Future & Rick Ross
791,2013,92,Wanted,Hunter Hayes
792,2013,93,Downtown,Lady Antebellum
793,2013,94,Get Your Shine On,Florida Georgia Line
794,2013,95,#thatPOWER,will.i.am Featuring Justin Bieber
795,2013,96,Brave,Sara Bareilles
796,2013,97,Let Her Go,Passenger
797,2013,98,Runnin' Outta Moonlight,Randy Houser
798,2013,99,I'm Different,2 Chainz
799,2013,100,Still Into You,Paramore
800,2014,1,Happy,Pharrell Williams
801,2014,2,Dark Horse,Katy Perry Featuring Juicy J
802,2014,3,All Of Me,John Legend
803,2014,4,Fancy,Iggy Azalea Featuring Charli XCX
804,2014,5,Counting Stars,OneRepublic
805,2014,6,Talk Dirty,Jason Derulo Featuring 2 Chainz
806,2014,7,Rude,MAGIC!
807,2014,8,All About That Bass,Meghan Trainor
808,2014,9,Problem,Ariana Grande Featuring Iggy Azalea
809,2014,10,Stay With Me,Sam Smith
810,2014,11,Timber,Pitbull Featuring Ke$ha
811,2014,12,Pompeii,Bastille
812,2014,13,Shake It Off,Taylor Swift
813,2014,14,Am I Wrong,Nico & Vinz
814,2014,15,Turn Down For What,DJ Snake & Lil Jon
815,2014,16,The Monster,Eminem Featuring Rihanna
816,2014,17,Say Something,A Great Big World & Christina Aguilera
817,2014,18,Team,Lorde
818,2014,19,Let Her Go,Passenger
819,2014,20,Royals,Lorde
820,2014,21,Let It Go,Idina Menzel
821,2014,22,Wake Me Up!,Avicii
822,2014,23,Demons,Imagine Dragons
823,2014,24,Story Of My Life,One Direction
824,2014,25,Chandelier,Sia
825,2014,26,Black Widow,Iggy Azalea Featuring Rita Ora
826,2014,27,Bang Bang,"Jessie J, Ariana Grande & Nicki Minaj"
827,2014,28,Latch,Disclosure Featuring Sam Smith
828,2014,29,Maps,Maroon 5
829,2014,30,Loyal,Chris Brown Featuring Lil Wayne & French Montana Or Too $hort Or Tyga
830,2014,31,Best Day Of My Life,American Authors
831,2014,32,Habits (Stay High),Tove Lo
832,2014,33,Summer,Calvin Harris
833,2014,34,Boom Clap,Charli XCX
834,2014,35,Drunk In Love,Beyonce Featuring Jay Z
835,2014,36,Anaconda,Nicki Minaj
836,2014,37,Break Free,Ariana Grande Featuring Zedd
837,2014,38,Bailando,Enrique Iglesias Featuring Descemer Bueno & Gente de Zona
838,2014,39,Burn,Ellie Goulding
839,2014,40,Wiggle,Jason Derulo Featuring Snoop Dogg
840,2014,41,Rather Be,Clean Bandit Featuring Jess Glynne
841,2014,42,Don't Tell 'Em,Jeremih Featuring YG
842,2014,43,Show Me,Kid Ink Featuring Chris Brown
843,2014,44,Wrecking Ball,Miley Cyrus
844,2014,45,Not A Bad Thing,Justin Timberlake
845,2014,46,Roar,Katy Perry
846,2014,47,Ain't It Fun,Paramore
847,2014,48,The Man,Aloe Blacc
848,2014,49,This Is How We Roll,Florida Georgia Line Featuring Luke Bryan
849,2014,50,Classic,MKTO
850,2014,51,A Sky Full Of Stars,Coldplay
851,2014,52,Don't,Ed Sheeran
852,2014,53,Na Na,Trey Songz
853,2014,54,Hot Boy,Bobby Shmurda
854,2014,55,"Hold On, We're Going Home",Drake Featuring Majid Jordan
855,2014,56,Sing,Ed Sheeran
856,2014,57,Radioactive,Imagine Dragons
857,2014,58,My Hitta,YG Featuring Jeezy & Rich Homie Quan
858,2014,59,Cool Kids,Echosmith
859,2014,60,Hey Brother,Avicii
860,2014,61,Trumpets,Jason Derulo
861,2014,62,Animals,Maroon 5
862,2014,63,Burnin' It Down,Jason Aldean
863,2014,64,Play It Again,Luke Bryan
864,2014,65,2 On,Tinashe Featuring ScHoolboy Q
865,2014,66,Dirt,Florida Georgia Line
866,2014,67,Love Runs Out,OneRepublic
867,2014,68,Bottoms Up,Brantley Gilbert
868,2014,69,Shower,Becky G
869,2014,70,Me And My Broken Heart,Rixton
870,2014,71,Animals,Martin Garrix
871,2014,72,Lifestyle,Rich Gang Featuring Young Thug & Rich Homie Quan
872,2014,73,American Kids,Kenny Chesney
873,2014,74,Brave,Sara Bareilles
874,2014,75,Sweater Weather,The Neighbourhood
875,2014,76,Leave The Night On,Sam Hunt
876,2014,77,New Flame,Chris Brown Featuring Usher & Rick Ross
877,2014,78,Love Never Felt So Good,Michael Jackson & Justin Timberlake
878,2014,79,Drunk On A Plane,Dierks Bentley
879,2014,80,Birthday,Katy Perry
880,2014,81,Bartender,Lady Antebellum
881,2014,82,La La La,Naughty Boy Featuring Sam Smith
882,2014,83,Blurred Lines,Robin Thicke Featuring T.I. + Pharrell
883,2014,84,Do What U Want,Lady Gaga Featuring R. Kelly
884,2014,85,Can't Remember To Forget You,Shakira Featuring Rihanna
885,2014,86,Amnesia,5 Seconds Of Summer
886,2014,87,No Mediocre,T.I. Featuring Iggy Azalea
887,2014,88,Come With Me Now,KONGOS
888,2014,89,Believe Me,Lil Wayne Featuring Drake
889,2014,90,23,"Mike WiLL Made-It Featuring Miley Cyrus, Wiz Khalifa & Juicy J"
890,2014,91,Beachin',Jake Owen
891,2014,92,White Walls,Macklemore & Ryan Lewis Featuring ScHoolboy Q & Hollis
892,2014,93,She Looks So Perfect,5 Seconds Of Summer
893,2014,94,Stay The Night,Zedd Featuring Hayley Williams
894,2014,95,Partition,Beyonce
895,2014,96,Studio,ScHoolboy Q Featuring BJ The Chicago Kid
896,2014,97,0 To 100 / The Catch Up,Drake
897,2014,98,I Don't Dance,Lee Brice
898,2014,99,Somethin' Bad,Miranda Lambert Duet With Carrie Underwood
899,2014,100,Adore You,Miley Cyrus
900,2015,1,Uptown Funk!,Mark Ronson Featuring Bruno Mars
901,2015,2,Thinking Out Loud,Ed Sheeran
902,2015,3,See You Again,Wiz Khalifa Featuring Charlie Puth
903,2015,4,Trap Queen,Fetty Wap
904,2015,5,Sugar,Maroon 5
905,2015,6,Shut Up And Dance,WALK THE MOON
906,2015,7,Blank Space,Taylor Swift
907,2015,8,Watch Me,Silento
908,2015,9,Earned It (Fifty Shades Of Grey),The Weeknd
909,2015,10,The Hills,The Weeknd
910,2015,11,Cheerleader,OMI
911,2015,12,Can't Feel My Face,The Weeknd
912,2015,13,Love Me Like You Do,Ellie Goulding
913,2015,14,Take Me To Church,Hozier
914,2015,15,Bad Blood,Taylor Swift Featuring Kendrick Lamar
915,2015,16,Lean On,Major Lazer & DJ Snake Featuring MO
916,2015,17,Want To Want Me,Jason Derulo
917,2015,18,Shake It Off,Taylor Swift
918,2015,19,Where Are U Now,Skrillex & Diplo With Justin Bieber
919,2015,20,Fight Song,Rachel Platten
920,2015,21,679,Fetty Wap Featuring Remy Boyz
921,2015,22,Lips Are Movin,Meghan Trainor
922,2015,23,Worth It,Fifth Harmony Featuring Kid Ink
923,2015,24,Post To Be,Omarion Featuring Chris Brown & Jhene Aiko
924,2015,25,"Honey, I'm Good.",Andy Grammer
925,2015,26,I'm Not The Only One,Sam Smith
926,2015,27,Good For You,Selena Gomez Featuring A$AP Rocky
927,2015,28,All About That Bass,Meghan Trainor
928,2015,29,Style,Taylor Swift
929,2015,30,Hotline Bling,Drake
930,2015,31,Hey Mama,"David Guetta Featuring Nicki Minaj, Bebe Rexha & Afrojack"
931,2015,32,G.D.F.R.,Flo Rida Featuring Sage The Gemini & Lookas
932,2015,33,What Do You Mean?,Justin Bieber
933,2015,34,Photograph,Ed Sheeran
934,2015,35,Hello,Adele
935,2015,36,Stitches,Shawn Mendes
936,2015,37,Talking Body,Tove Lo
937,2015,38,Jealous,Nick Jonas
938,2015,39,Time Of Our Lives,Pitbull & Ne-Yo
939,2015,40,Locked Away,R. City Featuring Adam Levine
940,2015,41,Somebody,Natalie La Rose Featuring Jeremih
941,2015,42,FourFiveSeconds,Rihanna & Kanye West & Paul McCartney
942,2015,43,Centuries,Fall Out Boy
943,2015,44,My Way,Fetty Wap Featuring Monty
944,2015,45,Take Your Time,Sam Hunt
945,2015,46,Animals,Maroon 5
946,2015,47,I Don't F**k With You,Big Sean Featuring E-40
947,2015,48,B**** Better Have My Money,Rihanna
948,2015,49,Flex (Ooh Ooh Ooh),Rich Homie Quan
949,2015,50,Nasty Freestyle,T-Wayne
950,2015,51,Only,"Nicki Minaj Featuring Drake, Lil Wayne & Chris Brown"
951,2015,52,Elastic Heart,Sia
952,2015,53,Cool For The Summer,Demi Lovato
953,2015,54,Renegades,X Ambassadors
954,2015,55,I Don't Mind,Usher Featuring Juicy J
955,2015,56,Love Me Harder,Ariana Grande & The Weeknd
956,2015,57,Wildest Dreams,Taylor Swift
957,2015,58,Stay With Me,Sam Smith
958,2015,59,You Know You Like It,DJ Snake & AlunaGeorge
959,2015,60,Uma Thurman,Fall Out Boy
960,2015,61,7/11,Beyonce
961,2015,62,The Heart Wants What It Wants,Selena Gomez
962,2015,63,Girl Crush,Little Big Town
963,2015,64,Slow Motion,Trey Songz
964,2015,65,Drag Me Down,One Direction
965,2015,66,Truffle Butter,Nicki Minaj Featuring Drake & Lil Wayne
966,2015,67,One Last Time,Ariana Grande
967,2015,68,Chains,Nick Jonas
968,2015,69,All Eyes On You,Meek Mill Featuring Chris Brown & Nicki Minaj
969,2015,70,No Type,Rae Sremmurd
970,2015,71,Riptide,Vance Joy
971,2015,72,Classic Man,Jidenna Featuring Roman GianArthur
972,2015,73,Ex's & Oh's,Elle King
973,2015,74,Dear Future Husband,Meghan Trainor
974,2015,75,Marvin Gaye,Charlie Puth Featuring Meghan Trainor
975,2015,76,Like I'm Gonna Lose You,Meghan Trainor Featuring John Legend
976,2015,77,Habits (Stay High),Tove Lo
977,2015,78,The Hanging Tree,James Newton Howard Featuring Jennifer Lawrence
978,2015,79,CoCo,O.T. Genasis
979,2015,80,Bang Bang,"Jessie J, Ariana Grande & Nicki Minaj"
980,2015,81,Lay Me Down,Sam Smith
981,2015,82,Tuesday,I LOVE MAKONNEN Featuring Drake
982,2015,83,Hit The Quan,iLoveMemphis
983,2015,84,Downtown,"Macklemore & Ryan Lewis Featuring Eric Nally, Melle Mel, Kool Moe Dee & Grandmaster Caz"
984,2015,85,House Party,Sam Hunt
985,2015,86,Ayo,Chris Brown & Tyga
986,2015,87,Kick The Dust Up,Luke Bryan
987,2015,88,Blessings,Big Sean Featuring Drake
988,2015,89,Budapest,George Ezra
989,2015,90,Chandelier,Sia
990,2015,91,Heartbeat Song,Kelly Clarkson
991,2015,92,Don't,Ed Sheeran
992,2015,93,Ghost,Ella Henderson
993,2015,94,Here,Alessia Cara
994,2015,95,Waves,Mr. Probz
995,2015,96,El Perdon (Forgiveness),Nicky Jam & Enrique Iglesias
996,2015,97,She Knows,Ne-Yo Featuring Juicy J
997,2015,98,Night Changes,One Direction
998,2015,99,Back To Back,Drake
999,2015,100,How Deep Is Your Love,Calvin Harris & Disciples
1000,2016,1,Love Yourself,Justin Bieber
1001,2016,2,Sorry,Justin Bieber
1002,2016,3,One Dance,Drake Featuring WizKid & Kyla
1003,2016,4,Work,Rihanna Featuring Drake
1004,2016,5,Stressed Out,twenty one pilots
1005,2016,6,Panda,Desiigner
1006,2016,7,Hello,Adele
1007,2016,8,Don't Let Me Down,The Chainsmokers Featuring Daya
1008,2016,9,Can't Stop The Feeling!,Justin Timberlake
1009,2016,10,Closer,The Chainsmokers Featuring Halsey
1010,2016,11,Cheap Thrills,Sia Featuring Sean Paul
1011,2016,12,7 Years,Lukas Graham
1012,2016,13,Needed Me,Rihanna
1013,2016,14,My House,Flo Rida
1014,2016,15,I Took A Pill In Ibiza,Mike Posner
1015,2016,16,Work From Home,Fifth Harmony Featuring Ty Dolla $ign
1016,2016,17,This Is What You Came For,Calvin Harris Featuring Rihanna
1017,2016,18,Cake By The Ocean,DNCE
1018,2016,19,"Me, Myself & I",G-Eazy x Bebe Rexha
1019,2016,20,Ride,twenty one pilots
1020,2016,21,Heathens,twenty one pilots
1021,2016,22,Pillowtalk,Zayn
1022,2016,23,Stitches,Shawn Mendes
1023,2016,24,Hotline Bling,Drake
1024,2016,25,Cold Water,Major Lazer Featuring Justin Bieber & MO
1025,2016,26,Send My Love (To Your New Lover),Adele
1026,2016,27,Roses,The Chainsmokers Featuring Rozes
1027,2016,28,Treat You Better,Shawn Mendes
1028,2016,29,Too Good,Drake Featuring Rihanna
1029,2016,30,Low Life,Future Featuring The Weeknd
1030,2016,31,What Do You Mean?,Justin Bieber
1031,2016,32,The Hills,The Weeknd
1032,2016,33,Just Like Fire,P!nk
1033,2016,34,Broccoli,D.R.A.M. Featuring Lil Yachty
1034,2016,35,Don't,Bryson Tiller
1035,2016,36,Dangerous Woman,Ariana Grande
1036,2016,37,Jumpman,Drake & Future
1037,2016,38,I Hate U I Love U,gnash Featuring Olivia O'Brien
1038,2016,39,Here,Alessia Cara
1039,2016,40,Same Old Love,Selena Gomez
1040,2016,41,Controlla,Drake
1041,2016,42,Like I'm Gonna Lose You,Meghan Trainor Featuring John Legend
1042,2016,43,One Call Away,Charlie Puth
1043,2016,44,Let It Go,James Bay
1044,2016,45,No,Meghan Trainor
1045,2016,46,Never Forget You,Zara Larsson & MNEK
1046,2016,47,Let Me Love You,DJ Snake Featuring Justin Bieber
1047,2016,48,Don't Mind,Kent Jones
1048,2016,49,H.O.L.Y.,Florida Georgia Line
1049,2016,50,We Don't Talk Anymore,Charlie Puth Featuring Selena Gomez
1050,2016,51,Into You,Ariana Grande
1051,2016,52,Gold,Kiiara
1052,2016,53,Exchange,Bryson Tiller
1053,2016,54,679,Fetty Wap Featuring Remy Boyz
1054,2016,55,Oui,Jeremih
1055,2016,56,Hands To Myself,Selena Gomez
1056,2016,57,2 Phones,Kevin Gates
1057,2016,58,Starboy,The Weeknd Featuring Daft Punk
1058,2016,59,For Free,DJ Khaled Featuring Drake
1059,2016,60,Never Be Like You,Flume Featuring Kai
1060,2016,61,In The Night,The Weeknd
1061,2016,62,Me Too,Meghan Trainor
1062,2016,63,Ex's & Oh's,Elle King
1063,2016,64,Die A Happy Man,Thomas Rhett
1064,2016,65,White Iverson,Post Malone
1065,2016,66,Close,Nick Jonas Featuring Tove Lo
1066,2016,67,Unsteady,X Ambassadors
1067,2016,68,Sucker For Pain,"Lil Wayne, Wiz Khalifa & Imagine Dragons With Logic & Ty Dolla $ign Feat. X Ambassadors"
1068,2016,69,Down In The DM,Yo Gotti Featuring Nicki Minaj
1069,2016,70,Luv,Tory Lanez
1070,2016,71,Sorry,Beyonce
1071,2016,72,Can't Feel My Face,The Weeknd
1072,2016,73,Hymn For The Weekend,Coldplay
1073,2016,74,Say It,Tory Lanez
1074,2016,75,Antidote,Travis Scott
1075,2016,76,Lost Boy,Ruth B
1076,2016,77,Side To Side,Ariana Grande Featuring Nicki Minaj
1077,2016,78,"Sit Still, Look Pretty",Daya
1078,2016,79,Wildest Dreams,Taylor Swift
1079,2016,80,Middle,DJ Snake Featuring Bipolar Sunshine
1080,2016,81,On My Mind,Ellie Goulding
1081,2016,82,Pop Style,Drake Featuring The Throne
1082,2016,83,When We Were Young,Adele
1083,2016,84,Hide Away,Daya
1084,2016,85,Lean On,Major Lazer & DJ Snake Featuring MO
1085,2016,86,I Know What You Did Last Summer,Shawn Mendes & Camila Cabello
1086,2016,87,All the Way Up,Fat Joe and Remy Ma featuring French Montana and Infared
1087,2016,88,Watch Me,Silento
1088,2016,89,Back To Sleep,Chris Brown
1089,2016,90,No Limit,Usher Featuring Young Thug
1090,2016,91,Cut It,O.T. Genasis Featuring Young Dolph
1091,2016,92,Really Really,Kevin Gates
1092,2016,93,All In My Head (Flex),Fifth Harmony Featuring Fetty Wap
1093,2016,94,Starving,Hailee Steinfeld & Grey Featuring Zedd
1094,2016,95,Adventure Of A Lifetime,Coldplay
1095,2016,96,Humble And Kind,Tim McGraw
1096,2016,97,Wicked,Future
1097,2016,98,Tiimmy Turner,Desiigner
1098,2016,99,See You Again,Wiz Khalifa Featuring Charlie Puth
1099,2016,100,Perfect,One Direction
1100,2017,1,Shape Of You,Ed Sheeran
1101,2017,2,Despacito,Luis Fonsi & Daddy Yankee Featuring Justin Bieber
1102,2017,3,That's What I Like,Bruno Mars
1103,2017,4,Humble.,Kendrick Lamar
1104,2017,5,Something Just Like This,The Chainsmokers & Coldplay
1105,2017,6,Bad And Boujee,Migos Featuring Lil Uzi Vert
1106,2017,7,Closer,The Chainsmokers Featuring Halsey
1107,2017,8,Body Like A Back Road,Sam Hunt
1108,2017,9,Believer,Imagine Dragons
1109,2017,10,Congratulations,Post Malone Featuring Quavo
1110,2017,11,Say You Won't Let Go,James Arthur
1111,2017,12,I'm The One,"DJ Khaled Featuring Justin Bieber, Quavo, Chance The Rapper & Lil Wayne"
1112,2017,13,XO TOUR Llif3,Lil Uzi Vert
1113,2017,14,Mask Off,Future
1114,2017,15,Unforgettable,French Montana Featuring Swae Lee
1115,2017,16,24K Magic,Bruno Mars
1116,2017,17,Stay,Zedd & Alessia Cara
1117,2017,18,Wild Thoughts,DJ Khaled Featuring Rihanna & Bryson Tiller
1118,2017,19,Black Beatles,Rae Sremmurd Featuring Gucci Mane
1119,2017,20,Starboy,The Weeknd Featuring Daft Punk
1120,2017,21,Location,Khalid
1121,2017,22,Attention,Charlie Puth
1122,2017,23,There's Nothing Holdin' Me Back,Shawn Mendes
1123,2017,24,Bodak Yellow (Money Moves),Cardi B
1124,2017,25,Redbone,Childish Gambino
1125,2017,26,I Don't Wanna Live Forever (Fifty Shades Darker),Zayn / Taylor Swift
1126,2017,27,It Ain't Me,Kygo x Selena Gomez
1127,2017,28,iSpy,KYLE Featuring Lil Yachty
1128,2017,29,Issues,Julia Michaels
1129,2017,30,Scars To Your Beautiful,Alessia Cara
1130,2017,31,1-800-273-8255,Logic Featuring Alessia Cara & Khalid
1131,2017,32,Slow Hands,Niall Horan
1132,2017,33,Love On The Brain,Rihanna
1133,2017,34,I Feel It Coming,The Weeknd Featuring Daft Punk
1134,2017,35,Bounce Back,Big Sean
1135,2017,36,Strip That Down,Liam Payne Featuring Quavo
1136,2017,37,Fake Love,Drake
1137,2017,38,Don't Wanna Know,Maroon 5 Featuring Kendrick Lamar
1138,2017,39,Look What You Made Me Do,Taylor Swift
1139,2017,40,Castle On The Hill,Ed Sheeran
1140,2017,41,Bad Things,Machine Gun Kelly x Camila Cabello
1141,2017,42,Paris,The Chainsmokers
1142,2017,43,Side To Side,Ariana Grande Featuring Nicki Minaj
1143,2017,44,Rockabye,Clean Bandit Featuring Sean Paul & Anne-Marie
1144,2017,45,Feel It Still,Portugal. The Man
1145,2017,46,Let Me Love You,DJ Snake Featuring Justin Bieber
1146,2017,47,Sorry Not Sorry,Demi Lovato
1147,2017,48,Bank Account,21 Savage
1148,2017,49,Can't Stop The Feeling!,Justin Timberlake
1149,2017,50,Mi Gente,J Balvin & Willy William Featuring Beyonce
1150,2017,51,Thunder,Imagine Dragons
1151,2017,52,T-Shirt,Migos
1152,2017,53,Rake It Up,Yo Gotti Featuring Nicki Minaj
1153,2017,54,Mercy,Shawn Mendes
1154,2017,55,Tunnel Vision,Kodak Black
1155,2017,56,Rockstar,Post Malone Featuring 21 Savage
1156,2017,57,In Case You Didn't Know,Brett Young
1157,2017,58,Heathens,twenty one pilots
1158,2017,59,Now Or Never,Halsey
1159,2017,60,Caroline,Amine
1160,2017,61,Rolex,Ayo & Teo
1161,2017,62,DNA.,Kendrick Lamar
1162,2017,63,Juju On That Beat (TZ Anthem),Zay Hilfigerrr & Zayion McCall
1163,2017,64,Swang,Rae Sremmurd
1164,2017,65,Passionfruit,Drake
1165,2017,66,Loyalty.,Kendrick Lamar Featuring Rihanna
1166,2017,67,Praying,Kesha
1167,2017,68,Goosebumps,Travis Scott
1168,2017,69,Cold,Maroon 5 Featuring Future
1169,2017,70,Broccoli,D.R.A.M. Featuring Lil Yachty
1170,2017,71,Slide,Calvin Harris Featuring Frank Ocean & Migos
1171,2017,72,What Ifs,Kane Brown Featuring Lauren Alaina
1172,2017,73,Chained To The Rhythm,Katy Perry Featuring Skip Marley
1173,2017,74,Feels,"Calvin Harris Featuring Pharrell Williams, Katy Perry & Big Sean"
1174,2017,75,All Time Low,Jon Bellion
1175,2017,76,Hurricane,Luke Combs
1176,2017,77,Too Good At Goodbyes,Sam Smith
1177,2017,78,Young Dumb & Broke,Khalid
1178,2017,79,Magnolia,Playboi Carti
1179,2017,80,Love Galore,SZA Featuring Travis Scott
1180,2017,81,Drowning,A Boogie Wit da Hoodie Featuring Kodak Black
1181,2017,82,Starving,Hailee Steinfeld & Grey Featuring Zedd
1182,2017,83,Both,Gucci Mane Featuring Drake
1183,2017,84,What About Us,P!nk
1184,2017,85,Swalla,Jason Derulo Featuring Nicki Minaj & Ty Dolla $ign
1185,2017,86,Slippery,Migos Featuring Gucci Mane
1186,2017,87,Sign Of The Times,Harry Styles
1187,2017,88,Water Under The Bridge,Adele
1188,2017,89,Malibu,Miley Cyrus
1189,2017,90,Down,Marian Hill
1190,2017,91,No Promises,Cheat Codes Featuring Demi Lovato
1191,2017,92,Treat You Better,Shawn Mendes
1192,2017,93,I Get The Bag,Gucci Mane Featuring Migos
1193,2017,94,Small Town Boy,Dustin Lynch
1194,2017,95,Everyday We Lit,YFN Lucci Featuring PnB Rock
1195,2017,96,Havana,Camila Cabello Featuring Young Thug
1196,2017,97,What Lovers Do,Maroon 5 Featuring SZA
1197,2017,98,Do Re Mi,blackbear
1198,2017,99,Look At Me!,XXXTENTACION
1199,2017,100,The Fighter,Keith Urban Featuring Carrie Underwood
1200,2018,1,God's Plan,Drake
1201,2018,2,Perfect,Ed Sheeran
1202,2018,3,Meant To Be,Bebe Rexha & Florida Georgia Line
1203,2018,4,Havana,Camila Cabello Featuring Young Thug
1204,2018,5,Rockstar,Post Malone Featuring 21 Savage
1205,2018,6,Psycho,Post Malone Featuring Ty Dolla $ign
1206,2018,7,I Like It,"Cardi B, Bad Bunny & J Balvin"
1207,2018,8,The Middle,"Zedd, Maren Morris & Grey"
1208,2018,9,In My Feelings,Drake
1209,2018,10,Girls Like You,Maroon 5 Featuring Cardi B
1210,2018,11,Nice For What,Drake
1211,2018,12,Lucid Dreams,Juice WRLD
1212,2018,13,Better Now,Post Malone
1213,2018,14,Finesse,Bruno Mars & Cardi B
1214,2018,15,Boo'd Up,Ella Mai
1215,2018,16,New Rules,Dua Lipa
1216,2018,17,Sad!,XXXTENTACION
1217,2018,18,Never Be The Same,Camila Cabello
1218,2018,19,Love Lies,Khalid & Normani
1219,2018,20,No Tears Left To Cry,Ariana Grande
1220,2018,21,Mine,Bazzi
1221,2018,22,Thunder,Imagine Dragons
1222,2018,23,Look Alive,BlocBoy JB Featuring Drake
1223,2018,24,Delicate,Taylor Swift
1224,2018,25,Yes Indeed,Lil Baby & Drake
1225,2018,26,Friends,Marshmello & Anne-Marie
1226,2018,27,Bad At Love,Halsey
1227,2018,28,Taste,Tyga Featuring Offset
1228,2018,29,Let You Down,NF
1229,2018,30,No Limit,G-Eazy Featuring A$AP Rocky & Cardi B
1230,2018,31,FEFE,6ix9ine Featuring Nicki Minaj & Murda Beatz
1231,2018,32,Tequila,Dan + Shay
1232,2018,33,Feel It Still,Portugal. The Man
1233,2018,34,MotorSport,"Migos, Nicki Minaj & Cardi B"
1234,2018,35,I Like Me Better,Lauv
1235,2018,36,Youngblood,5 Seconds Of Summer
1236,2018,37,Whatever It Takes,Imagine Dragons
1237,2018,38,Ric Flair Drip,Offset & Metro Boomin
1238,2018,39,I Fall Apart,Post Malone
1239,2018,40,Pray For Me,The Weeknd & Kendrick Lamar
1240,2018,41,Back To You,Selena Gomez
1241,2018,42,Sicko Mode,Travis Scott
1242,2018,43,Walk It Talk It,Migos Featuring Drake
1243,2018,44,Gucci Gang,Lil Pump
1244,2018,45,Him & I,G-Eazy & Halsey
1245,2018,46,In My Blood,Shawn Mendes
1246,2018,47,All The Stars,Kendrick Lamar & SZA
1247,2018,48,Stir Fry,Migos
1248,2018,49,Too Good At Goodbyes,Sam Smith
1249,2018,50,Love.,Kendrick Lamar Featuring Zacari
1250,2018,51,This Is America,Childish Gambino
1251,2018,52,Nonstop,Drake
1252,2018,53,Heaven,Kane Brown
1253,2018,54,Bodak Yellow (Money Moves),Cardi B
1254,2018,55,Freaky Friday,Lil Dicky Featuring Chris Brown
1255,2018,56,Gummo,6ix9ine
1256,2018,57,Plug Walk,Rich The Kid
1257,2018,58,Wait,Maroon 5
1258,2018,59,Be Careful,Cardi B
1259,2018,60,Wolves,Selena Gomez X Marshmello
1260,2018,61,Bartier Cardi,Cardi B Featuring 21 Savage
1261,2018,62,God Is A Woman,Ariana Grande
1262,2018,63,Big Bank,"YG Featuring 2 Chainz, Big Sean & Nicki Minaj"
1263,2018,64,Sorry Not Sorry,Demi Lovato
1264,2018,65,How Long,Charlie Puth
1265,2018,66,Lights Down Low,MAX Featuring gnash
1266,2018,67,Young Dumb & Broke,Khalid
1267,2018,68,One Kiss,Calvin Harris & Dua Lipa
1268,2018,69,Natural,Imagine Dragons
1269,2018,70,You Make It Easy,Jason Aldean
1270,2018,71,Shape Of You,Ed Sheeran
1271,2018,72,I Get The Bag,Gucci Mane Featuring Migos
1272,2018,73,No Brainer,"DJ Khaled Featuring Justin Bieber, Chance The Rapper & Quavo"
1273,2018,74,Plain Jane,A$AP Ferg Featuring Nicki Minaj
1274,2018,75,Sky Walker,Miguel Featuring Travis Scott
1275,2018,76,Marry Me,Thomas Rhett
1276,2018,77,Eastside,"benny blanco, Halsey & Khalid"
1277,2018,78,Call Out My Name,The Weeknd
1278,2018,79,King's Dead,"Jay Rock, Kendrick Lamar, Future & James Blake"
1279,2018,80,Happier,Marshmello & Bastille
1280,2018,81,Te Bote,"Casper Magico, Nio Garcia, Darell, Nicky Jam, Ozuna & Bad Bunny"
1281,2018,82,Simple,Florida Georgia Line
1282,2018,83,Lemon,N*E*R*D & Rihanna
1283,2018,84,1-800-273-8255,Logic Featuring Alessia Cara & Khalid
1284,2018,85,Say Something,Justin Timberlake Featuring Chris Stapleton
1285,2018,86,I'm Upset,Drake
1286,2018,87,Get Along,Kenny Chesney
1287,2018,88,Moonlight,XXXTENTACION
1288,2018,89,What Lovers Do,Maroon 5 Featuring SZA
1289,2018,90,X,Nicky Jam x J Balvin
1290,2018,91,Outside Today,YoungBoy Never Broke Again
1291,2018,92,Trip,Ella Mai
1292,2018,93,Dura,Daddy Yankee
1293,2018,94,Changes,XXXTENTACION
1294,2018,95,Mercy,Brett Young
1295,2018,96,One Number Away,Luke Combs
1296,2018,97,Powerglide,Rae Sremmurd & Juicy J
1297,2018,98,IDGAF,Dua Lipa
1298,2018,99,Mi Gente,J Balvin & Willy William Featuring Beyonce
1299,2018,100,Believer,Imagine Dragons
1300,2019,1,Old Town Road,Lil Nas X Featuring Billy Ray Cyrus
1301,2019,2,Sunflower (Spider-Man: Into The Spider-Verse),Post Malone & Swae Lee
1302,2019,3,Without Me,Halsey
1303,2019,4,Bad Guy,Billie Eilish
1304,2019,5,Wow.,Post Malone
1305,2019,6,Happier,Marshmello & Bastille
1306,2019,7,7 Rings,Ariana Grande
1307,2019,8,Talk,Khalid
1308,2019,9,Sicko Mode,Travis Scott
1309,2019,10,Sucker,Jonas Brothers
1310,2019,11,High Hopes,Panic! At The Disco
1311,2019,12,"Thank U, Next",Ariana Grande
1312,2019,13,Truth Hurts,Lizzo
1313,2019,14,Dancing With A Stranger,Sam Smith & Normani
1314,2019,15,Senorita,Shawn Mendes & Camila Cabello
1315,2019,16,I Don't Care,Ed Sheeran & Justin Bieber
1316,2019,17,Eastside,"benny blanco, Halsey & Khalid"
1317,2019,18,Going Bad,Meek Mill Featuring Drake
1318,2019,19,Shallow,Lady Gaga & Bradley Cooper
1319,2019,20,Better,Khalid
1320,2019,21,No Guidance,Chris Brown Featuring Drake
1321,2019,22,Girls Like You,Maroon 5 Featuring Cardi B
1322,2019,23,Sweet But Psycho,Ava Max
1323,2019,24,Suge,DaBaby
1324,2019,25,Middle Child,J. Cole
1325,2019,26,Drip Too Hard,Lil Baby & Gunna
1326,2019,27,Someone You Loved,Lewis Capaldi
1327,2019,28,Ran$om,Lil Tecca
1328,2019,29,If I Can't Have You,Shawn Mendes
1329,2019,30,Goodbyes,Post Malone Featuring Young Thug
1330,2019,31,ZEZE,Kodak Black Featuring Travis Scott & Offset
1331,2019,32,Better Now,Post Malone
1332,2019,33,Youngblood,5 Seconds Of Summer
1333,2019,34,Money In The Grave,Drake Featuring Rick Ross
1334,2019,35,Speechless,Dan + Shay
1335,2019,36,"Break Up With Your Girlfriend, I'm Bored",Ariana Grande
1336,2019,37,Please Me,Cardi B & Bruno Mars
1337,2019,38,Money,Cardi B
1338,2019,39,You Need To Calm Down,Taylor Swift
1339,2019,40,Panini,Lil Nas X
1340,2019,41,Look Back At It,A Boogie Wit da Hoodie
1341,2019,42,A Lot,21 Savage
1342,2019,43,ME!,Taylor Swift Featuring Brendon Urie
1343,2019,44,MIA,Bad Bunny Featuring Drake
1344,2019,45,Pop Out,Polo G Featuring Lil Tjay
1345,2019,46,Beautiful Crazy,Luke Combs
1346,2019,47,Thotiana,Blueface
1347,2019,48,Lucid Dreams,Juice WRLD
1348,2019,49,Mo Bamba,Sheck Wes
1349,2019,50,Beautiful People,Ed Sheeran Featuring Khalid
1350,2019,51,Wake Up In The Sky,Gucci Mane X Bruno Mars X Kodak Black
1351,2019,52,Whiskey Glasses,Morgan Wallen
1352,2019,53,God's Country,Blake Shelton
1353,2019,54,Be Alright,Dean Lewis
1354,2019,55,Pure Water,Mustard & Migos
1355,2019,56,The Git Up,Blanco Brown
1356,2019,57,Taki Taki,"DJ Snake Featuring Selena Gomez, Ozuna & Cardi B"
1357,2019,58,Close To Me,Ellie Goulding X Diplo Featuring Swae Lee
1358,2019,59,Envy Me,Calboy
1359,2019,60,You Say,Lauren Daigle
1360,2019,61,"Hey Look Ma, I Made It",Panic! At The Disco
1361,2019,62,Circles,Post Malone
1362,2019,63,Beer Never Broke My Heart,Luke Combs
1363,2019,64,The London,"Young Thug, J. Cole & Travis Scott"
1364,2019,65,Con Calma,Daddy Yankee & Katy Perry Featuring Snow
1365,2019,66,Murder On My Mind,YNW Melly
1366,2019,67,When The Party's Over,Billie Eilish
1367,2019,68,Act Up,City Girls
1368,2019,69,I Like It,"Cardi B, Bad Bunny & J Balvin"
1369,2019,70,Trampoline,SHAED
1370,2019,71,Leave Me Alone,Flipp Dinero
1371,2019,72,Breathin,Ariana Grande
1372,2019,73,Bury A Friend,Billie Eilish
1373,2019,74,Close Friends,Lil Baby
1374,2019,75,Baby Shark,Pinkfong
1375,2019,76,My Type,Saweetie
1376,2019,77,Worth It,YK Osiris
1377,2019,78,Only Human,Jonas Brothers
1378,2019,79,Knockin' Boots,Luke Bryan
1379,2019,80,Trip,Ella Mai
1380,2019,81,Rumor,Lee Brice
1381,2019,82,Swervin,A Boogie Wit da Hoodie Featuring 6ix9ine
1382,2019,83,How Do You Sleep?,Sam Smith
1383,2019,84,Baby,Lil Baby & DaBaby
1384,2019,85,Look What God Gave Her,Thomas Rhett
1385,2019,86,Good As You,Kane Brown
1386,2019,87,Clout,Offset Featuring Cardi B
1387,2019,88,Love Lies,Khalid & Normani
1388,2019,89,One Thing Right,Marshmello & Kane Brown
1389,2019,90,Cash Shit,Megan Thee Stallion Featuring DaBaby
1390,2019,91,Tequila,Dan + Shay
1391,2019,92,Shotta Flow,NLE Choppa
1392,2019,93,Hot Girl Summer,"Megan Thee Stallion, Nicki Minaj & Ty Dolla $ign"
1393,2019,94,Talk You Out Of It,Florida Georgia Line
1394,2019,95,Beautiful,Bazzi Featuring Camila Cabello
1395,2019,96,Eyes On You,Chase Rice
1396,2019,97,All To Myself,Dan + Shay
1397,2019,98,Boyfriend,Ariana Grande & Social House
1398,2019,99,Walk Me Home,P!nk
1399,2019,100,Robbery,Juice WRLD
1400,2020,1,Blinding Lights,The Weeknd
1401,2020,2,Circles,Post Malone
1402,2020,3,The Box,Roddy Ricch
1403,2020,4,Don't Start Now,Dua Lipa
1404,2020,5,Rockstar,DaBaby Featuring Roddy Ricch
1405,2020,6,Adore You,Harry Styles
1406,2020,7,Life Is Good,Future Featuring Drake
1407,2020,8,Memories,Maroon 5
1408,2020,9,The Bones,Maren Morris
1409,2020,10,Someone You Loved,Lewis Capaldi
1410,2020,11,Say So,Doja Cat
1411,2020,12,I Hope,Gabby Barrett Featuring Charlie Puth
1412,2020,13,Whats Poppin,"Jack Harlow Featuring DaBaby, Tory Lanez & Lil Wayne"
1413,2020,14,Dance Monkey,Tones And I
1414,2020,15,Savage,Megan Thee Stallion
1415,2020,16,Roxanne,Arizona Zervas
1416,2020,17,Intentions,Justin Bieber Featuring Quavo
1417,2020,18,Everything I Wanted,Billie Eilish
1418,2020,19,Roses,SAINt JHN
1419,2020,20,Watermelon Sugar,Harry Styles
1420,2020,21,Before You Go,Lewis Capaldi
1421,2020,22,Falling,Trevor Daniel
1422,2020,23,"10,000 Hours",Dan + Shay & Justin Bieber
1423,2020,24,WAP,Cardi B Featuring Megan Thee Stallion
1424,2020,25,Ballin',Mustard & Roddy Ricch
1425,2020,26,Hot Girl Bummer,blackbear
1426,2020,27,Blueberry Faygo,Lil Mosey
1427,2020,28,Heartless,The Weeknd
1428,2020,29,BOP,DaBaby
1429,2020,30,Lose You To Love Me,Selena Gomez
1430,2020,31,Good As Hell,Lizzo
1431,2020,32,Toosie Slide,Drake
1432,2020,33,Break My Heart,Dua Lipa
1433,2020,34,Chasin' You,Morgan Wallen
1434,2020,35,Savage Love (Laxed - Siren Beat),Jawsh 685 x Jason Derulo
1435,2020,36,No Guidance,Chris Brown Featuring Drake
1436,2020,37,My Oh My,Camila Cabello Featuring DaBaby
1437,2020,38,Dynamite,BTS
1438,2020,39,Go Crazy,Chris Brown & Young Thug
1439,2020,40,High Fashion,Roddy Ricch Featuring Mustard
1440,2020,41,Laugh Now Cry Later,Drake Featuring Lil Durk
1441,2020,42,Woah,Lil Baby
1442,2020,43,Death Bed,Powfu Featuring beabadoobee
1443,2020,44,Senorita,Shawn Mendes & Camila Cabello
1444,2020,45,HIGHEST IN THE ROOM,Travis Scott
1445,2020,46,Bad Guy,Billie Eilish
1446,2020,47,Mood,24kGoldn Featuring iann dior
1447,2020,48,Rain On Me,Lady Gaga & Ariana Grande
1448,2020,49,For The Night,Pop Smoke Featuring Lil Baby & DaBaby
1449,2020,50,RITMO (Bad Boys For Life),Black Eyed Peas X J Balvin
1450,2020,51,Heart On Ice,Rod Wave
1451,2020,52,Nobody But You,Blake Shelton Duet With Gwen Stefani
1452,2020,53,Trampoline,SHAED
1453,2020,54,Come & Go,Juice WRLD x Marshmello
1454,2020,55,Truth Hurts,Lizzo
1455,2020,56,If The World Was Ending,JP Saxe Featuring Julia Michaels
1456,2020,57,We Paid,Lil Baby & 42 Dugg
1457,2020,58,Yummy,Justin Bieber
1458,2020,59,One Man Band,Old Dominion
1459,2020,60,Got What I Got,Jason Aldean
1460,2020,61,Sunday Best,Surfaces
1461,2020,62,Godzilla,Eminem Featuring Juice WRLD
1462,2020,63,Bandit,Juice WRLD & YoungBoy Never Broke Again
1463,2020,64,Party Girl,StaySolidRocky
1464,2020,65,Die From A Broken Heart,Maddie & Tae
1465,2020,66,Popstar,DJ Khaled Featuring Drake
1466,2020,67,All I Want For Christmas Is You,Mariah Carey
1467,2020,68,One Of Them Girls,Lee Brice
1468,2020,69,Hard To Forget,Sam Hunt
1469,2020,70,One Margarita,Luke Bryan
1470,2020,71,Panini,Lil Nas X
1471,2020,72,Hot,Young Thug Featuring Gunna
1472,2020,73,I Hope You're Happy Now,Carly Pearce & Lee Brice
1473,2020,74,Emotionally Scarred,Lil Baby
1474,2020,75,Suicidal,YNW Melly & Juice WRLD
1475,2020,76,The Bigger Picture,Lil Baby
1476,2020,77,Only Human,Jonas Brothers
1477,2020,78,The Woo,Pop Smoke Featuring 50 Cent & Roddy Ricch
1478,2020,79,Sum 2 Prove,Lil Baby
1479,2020,80,Stuck With U,Ariana Grande & Justin Bieber
1480,2020,81,Mood Swings,Pop Smoke Featuring Lil Tjay
1481,2020,82,You Should Be Sad,Halsey
1482,2020,83,Dior,Pop Smoke
1483,2020,84,Supalonely,BENEE Featuring Gus Dapperton
1484,2020,85,Even Though I'm Leaving,Luke Combs
1485,2020,86,The Scotts,"THE SCOTTS, Travis Scott & Kid Cudi"
1486,2020,87,Juicy,Doja Cat & Tyga
1487,2020,88,Be Like That,Kane Brown With Swae Lee & Khalid
1488,2020,89,Homesick,Kane Brown
1489,2020,90,Rags2Riches,Rod Wave Featuring ATR Son Son
1490,2020,91,Bluebird,Miranda Lambert
1491,2020,92,Wishing Well,Juice WRLD
1492,2020,93,Does To Me,Luke Combs Featuring Eric Church
1493,2020,94,P*$$y Fairy (OTW),Jhene Aiko
1494,2020,95,ily,Surf Mesa Featuring Emilee
1495,2020,96,More Than My Hometown,Morgan Wallen
1496,2020,97,Lovin' On You,Luke Combs
1497,2020,98,Said Sum,Moneybagg Yo
1498,2020,99,Slide,H.E.R. Featuring YG
1499,2020,100,Walk Em Down,NLE Choppa Featuring Roddy Ricch
1500,2021,1,Levitating,Dua Lipa
1501,2021,2,Save Your Tears,The Weeknd & Ariana Grande
1502,2021,3,Blinding Lights,The Weeknd
1503,2021,4,Mood,24kGoldn Featuring iann dior
1504,2021,5,Good 4 U,Olivia Rodrigo
1505,2021,6,Kiss Me More,Doja Cat Featuring SZA
1506,2021,7,Leave The Door Open,Silk Sonic (Bruno Mars & Anderson .Paak)
1507,2021,8,Drivers License,Olivia Rodrigo
1508,2021,9,Montero (Call Me By Your Name),Lil Nas X
1509,2021,10,Peaches,Justin Bieber Featuring Daniel Caesar & Giveon
1510,2021,11,Butter,BTS
1511,2021,12,Stay,The Kid LAROI & Justin Bieber
1512,2021,13,Deja Vu,Olivia Rodrigo
1513,2021,14,Positions,Ariana Grande
1514,2021,15,Bad Habits,Ed Sheeran
1515,2021,16,Heat Waves,Glass Animals
1516,2021,17,Without You,The Kid LAROI
1517,2021,18,Forever After All,Luke Combs
1518,2021,19,Go Crazy,Chris Brown & Young Thug
1519,2021,20,Astronaut In The Ocean,Masked Wolf
1520,2021,21,34+35,Ariana Grande Feat. Doja Cat & Megan Thee Stallion
1521,2021,22,What You Know Bout Love,Pop Smoke
1522,2021,23,My Ex's Best Friend,Machine Gun Kelly X blackbear
1523,2021,24,Industry Baby,Lil Nas X & Jack Harlow
1524,2021,25,Therefore I Am,Billie Eilish
1525,2021,26,Up,Cardi B
1526,2021,27,Fancy Like,Walker Hayes
1527,2021,28,Dakiti,Bad Bunny & Jhay Cortez
1528,2021,29,Best Friend,Saweetie Featuring Doja Cat
1529,2021,30,Rapstar,Polo G
1530,2021,31,Heartbreak Anniversary,Giveon
1531,2021,32,For The Night,Pop Smoke Featuring Lil Baby & DaBaby
1532,2021,33,Calling My Phone,Lil Tjay Featuring 6LACK
1533,2021,34,Beautiful Mistakes,Maroon 5 Featuring Megan Thee Stallion
1534,2021,35,Holy,Justin Bieber Featuring Chance The Rapper
1535,2021,36,On Me,Lil Baby
1536,2021,37,You Broke Me First.,Tate McRae
1537,2021,38,Traitor,Olivia Rodrigo
1538,2021,39,Back In Blood,Pooh Shiesty Featuring Lil Durk
1539,2021,40,I Hope,Gabby Barrett Featuring Charlie Puth
1540,2021,41,Dynamite,BTS
1541,2021,42,Wockesha,Moneybagg Yo
1542,2021,43,You Right,Doja Cat & The Weeknd
1543,2021,44,Beat Box,SpotemGottem Featuring Pooh Shiesty Or DaBaby
1544,2021,45,Laugh Now Cry Later,Drake Featuring Lil Durk
1545,2021,46,Need To Know,Doja Cat
1546,2021,47,Wants And Needs,Drake Featuring Lil Baby
1547,2021,48,Way 2 Sexy,Drake Featuring Future & Young Thug
1548,2021,49,Telepatia,Kali Uchis
1549,2021,50,Whoopty,CJ
1550,2021,51,Lemonade,Internet Money & Gunna Featuring Don Toliver & NAV
1551,2021,52,Good Days,SZA
1552,2021,53,Starting Over,Chris Stapleton
1553,2021,54,Body,Megan Thee Stallion
1554,2021,55,Willow,Taylor Swift
1555,2021,56,Bang!,AJR
1556,2021,57,Better Together,Luke Combs
1557,2021,58,You're Mines Still,Yung Bleu Featuring Drake
1558,2021,59,Every Chance I Get,DJ Khaled Featuring Lil Baby & Lil Durk
1559,2021,60,Essence,Wizkid Featuring Justin Bieber & Tems
1560,2021,61,Chasing After You,Ryan Hurd With Maren Morris
1561,2021,62,The Good Ones,Gabby Barrett
1562,2021,63,Leave Before You Love Me,Marshmello X Jonas Brothers
1563,2021,64,Glad You Exist,Dan + Shay
1564,2021,65,Lonely,Justin Bieber & benny blanco
1565,2021,66,Beggin',Maneskin
1566,2021,67,Streets,Doja Cat
1567,2021,68,What's Next,Drake
1568,2021,69,Famous Friends,Chris Young + Kane Brown
1569,2021,70,Lil Bit,Nelly & Florida Georgia Line
1570,2021,71,Thot Shit,Megan Thee Stallion
1571,2021,72,Late At Night,Roddy Ricch
1572,2021,73,Kings & Queens,Ava Max
1573,2021,74,Anyone,Justin Bieber
1574,2021,75,Track Star,Mooski
1575,2021,76,Time Today,Moneybagg Yo
1576,2021,77,Cry Baby,Megan Thee Stallion Featuring DaBaby
1577,2021,78,All I Want For Christmas Is You,Mariah Carey
1578,2021,79,No More Parties,Coi Leray Featuring Lil Durk
1579,2021,80,What's Your Country Song,Thomas Rhett
1580,2021,81,One Too Many,Keith Urban Duet With P!nk
1581,2021,82,Arcade,Duncan Laurence
1582,2021,83,Yonaguni,Bad Bunny
1583,2021,84,Good Time,Niko Moon
1584,2021,85,If I Didn't Love You,Jason Aldean & Carrie Underwood
1585,2021,86,Knife Talk,Drake Featuring 21 Savage & Project Pat
1586,2021,87,pov,Ariana Grande
1587,2021,88,Just The Way,Parmalee x Blanco Brown
1588,2021,89,Take My Breath,The Weeknd
1589,2021,90,We're Good,Dua Lipa
1590,2021,91,Hell Of A View,Eric Church
1591,2021,92,Rockin' Around The Christmas Tree,Brenda Lee
1592,2021,93,Put Your Records On,Ritt Momney
1593,2021,94,Happier Than Ever,Billie Eilish
1594,2021,95,Single Saturday Night,Cole Swindell
1595,2021,96,Things A Man Oughta Know,Lainey Wilson
1596,2021,97,Throat Baby (Go Baby),BRS Kash
1597,2021,98,Tombstone,Rod Wave
1598,2021,99,Drinkin' Beer. Talkin' God. Amen.,Chase Rice Featuring Florida Georgia Line
1599,2021,100,Todo de Ti,Rauw Alejandro
